,Unnamed: 0,company,username,esg_company,verified
4,4,AbbVie,abbvie,AbbVie,Verified
5,5,ABC,abcnetwork,ABC Arbitrage SA,Verified
10,10,ADNOC,adnocgroup,Abu Dhabi National Oil Company (ADNOC),Verified
11,11,Accenture,accenture,Accenture Ltd.,Verified
13,13,Allergan,allerganaesthetics,Actavis,Verified
17,17,Adidas,adidas,adidas AG,Verified
20,20,Adobe,adobe,Adobe Systems,Verified
21,21,ADP,adp,ADP,Verified
23,23,ADVANCE AUTO PARTS,advanceautoparts,"Advance Auto Parts, Inc.",Verified
28,28,Aegon,aegongroup,Aegon,Verified
32,32,AES,aespa_official,AES Corporation,Verified
33,33,AETNA,aetna,Aetna Inc.,Verified
34,34,Aflac,aflacduck,AFLAC Incorporated,Verified
36,36,AGCO,agcocorp,AGCO Corporation,Verified
46,46,Air Canada,aircanada,Air Canada,Verified
51,51,Airbnb,airbnb,Airbnb Inc,Verified
52,52,AIRBUS,airbus,Airbus,Verified
57,57,Akbank,akbank,Akbank TAS,Verified
59,59,Al Rajhi Bank,alrajhibank,Al Rajhi Bank,Verified
61,61,Albertsons,albertsons,ALBERTSON'S INC.,Verified
67,67,ALFA,elalfaeljefe,"ALFA, S.A.B. de C.V.",Verified
70,70,Couche Tard,couchetardqc,Alimentation Couche-Tard Inc.,Verified
72,72,All Nippon Airways,allnipponairways_official,ALL NIPPON AIRWAYS COMPANY LIMITED,Verified
75,75,Allianz,allianz,Allianz SE,Verified
78,78,Almarai,almarai,Almarai Trading Company Limited,Verified
84,84,Altice USA,alticeusa,Altice USA,Verified
93,93,Claro,claropr,"America Movil, S.A.B. de C.V.",Verified
97,97,American Express,americanexpress,American Express,Verified
105,105,AMGEN,amgenbiotech,Amgen Inc.,Verified
111,111,Bud Light,budlight,Anheuser-Busch InBev NV,Verified
112,112,Anheuser-Busch InBev,abinbev,Anheuser-Busch InBev NV,Verified
122,122,Apple,apple,Apple Inc.,Verified
124,124,Aptiv,aptiv,Aptiv,Verified
125,125,Arab Bank,arabbank,Arab Bank PLC,Verified
129,129,ArcelorMittal,arcelormittalbrasil,ArcelorMittal,Verified
144,144,Asian Paints,asianpaints,Asian Paints (India) Ltd.,Verified
148,148,Generali Group,generaligroup,Assicurazioni Generali,Verified
154,154,AT&T,att,AT&T Inc.,Verified
158,158,Atlassian,atlassian,Atlassian Corporation PLC,Verified
162,162,Audi,audi,Audi AG,Verified
165,165,AutoZone,autozone,"AutoZone, Inc.",Verified
169,169,Aviva,avivadrescher,Aviva,Verified
170,170,Avnet,avnet,"Avnet, Inc.",Verified
173,173,Axis Bank,axis_bank,Axis Bank Limited,Verified
179,179,Bajaj Finserv,bajajfinserv,Bajaj Finserv Ltd,Verified
180,180,Baker Hughes Co,bakerhughesco,Baker Hughes Incorporated,Verified
181,181,Ball,lavar,Ball Corporation,Verified
184,184,BBVA,bbva,BANCO BILBAO VIZCAYA ARGENTARIA SA,Verified
187,187,Bradesco,bradesco,Banco Bradesco S.A.,Verified
192,192,Banco do Brasil,bancodobrasil,Banco do Brasil S.A.,Verified
194,194,Santander,santanderbankus,Banco Santander S.A.,Verified
195,195,Bancolombia,bancolombia,BanColombia S.A.,Verified
198,198,Bank Audi,bankaudi,Bank Audi SAL Saradar Group,Verified
202,202,Bank Mandiri,bankmandiri,Bank Mandiri (Persero),Verified
203,203,Bank Negara Indonesia,bni46,BANK NEGARA INDONESIA,Verified
205,205,Bank of America,bankofamerica,Bank of America Corporation,Verified
206,206,Bank of Baroda,officialbankofbaroda,Bank of Baroda,Verified
213,213,Bank of India,theofficialsbi,Bank of India,Verified
214,214,Bank of Ireland,bankofireland,Bank of Ireland,Verified
224,224,Bank Pekao,bankpekaosa,Bank Polska Kasa Opieki SA,Verified
227,227,Bankinter,bankinter,Bankinter SA,Verified
230,230,Banque Saudi Fransi,banquesaudifransi,Banque Saudi Fransi,Verified
232,232,Barclays,barclayscenter,Barclays,Verified
236,236,Basler Kantonalbank,baslerkantonalbank,Basler Kantonalbank,Verified
237,237,Bass Pro Shop,bassproshops,Bass Pro Shops (Outdoor World) LLC,Verified
241,241,Bayer,fcbayern,Bayer AG,Verified
242,242,BayWa,baywatchmovie,BayWa,Verified
246,246,BED BATH & BEYOND,bedbathandbeyond,Bed Bath & Beyond,Verified
247,247,NIVEA,thisisnivea,Beiersdorf,Verified
252,252,Bell,bellahadid,Bell Aliant,Verified
258,258,Best Buy,bestbuy,"Best Buy Co., Inc.",Verified
263,263,BIG LOTS,biglots,"Big Lots, Inc.",Verified
267,267,BJ's Wholesale Club,bjswholesale,"BJ's Wholesale Club, Inc.",Verified
268,268,BlackRock,blackrock,"BlackRock, Inc.",Verified
269,269,Bloomberg,bloomberg,Bloomberg,Verified
270,270,BMO Harris Bank,bmoharrisbank,BMO Harris Bank,Verified
271,271,BMW Group,bmwgroup,BMW,Verified
272,272,BNP Paribas,bnpparibas,BNP Paribas,Verified
275,275,booking.com,bookingcom,Booking Holdings,Verified
279,279,Bosch,boschamazon,Bosch Limited,Verified
283,283,Bouygues,bouyguestelecom,Bouygues SA,Verified
286,286,Braskem,braskemsa,BRASKEM S/A,Verified
288,288,Bridgestone,bridgestone,Bridgestone Corporation,Verified
291,291,Bristol-Myers Squibb,bristolmyerssquibb,Bristol-Myers Squibb Company,Verified
294,294,Sky,skykatz,British Sky Broadcasting Group PLC,Verified
300,300,Brown-Forman,brownforman,Brown-Forman Corporation,Verified
303,303,Budweiser,budweiser,Budweiser Brewing Company APAC Ltd,Verified
306,306,Burberry,burberry,Burberry Group PLC,Verified
308,308,Burger King,burgerking,Burger King Corporation,Verified
314,314,Caesars Entertainment,caesarsentertainment,Caesars Entertainment Corp.,Verified
315,315,Caixa,caixa,Caixa Economica Federal,Verified
316,316,Caltex Australia,caltexaustralia,Caltex Australia Pty. Ltd.,Verified
317,317,Campbell Soup,campbellsoupco,Campbell Soup Company,Verified
320,320,CIBC,cibc,Canadian Imperial Bank of Commerce,Verified
326,326,Canadian Tire,canadiantire,"Canadian Tire Corporation, Limited",Verified
328,328,Canon,canonusa,Canon Inc,Verified
331,331,CapitaLand,capitaland,Capitaland ILEC Pte Ltd,Verified
333,333,Carhartt,carhartt,Carhartt Inc,Verified
334,334,Carlsberg,carlsberg,Carlsberg A/S,Verified
335,335,CarMax,carmax,"CarMax, Inc.",Verified
336,336,Carnival,carnival,Carnival Corporation & PLC,Verified
337,337,Carrefour,carrefourbrasil,Carrefour,Verified
339,339,Caterpillar,caterpillarinc,Caterpillar Inc.,Verified
350,350,Cemex,cemex,Cemex Sab De CV,Verified
360,360,CenturyLink,centurylink,CenturyLink,Verified
364,364,Chanel,chanelofficial,CHANEL SA,Verified
367,367,Charles Schwab,charlesschwab,Charles Schwab Corp.,Verified
370,370,Chase,severinbro7,Chase Corp.,Verified
374,374,Chevron,chevron,Chevron Corp.,Verified
431,431,China Southern Airlines,china_southern,China Southern Airlines Co. Ltd.,Verified
432,432,China State Construction Engineering,china_state_construction,China State Construction Engineering Corporation Limited,Verified
443,443,Chow Tai Fook Jewellery,chowtaifookjewellery,Chow Tai Fook Jewellery Group,Verified
444,444,Dior,dior,Christian Dior,Verified
445,445,Chubb,nchubb27,Chubb Corporation,Verified
451,451,Cigna,cignature_j9,CIGNA Corporation,Verified
462,462,CJ Cheiljedang,cjcheiljedang,CJ CheilJedang Corp.,Verified
467,467,Clif Bar,clifbar,Clif Bar,Verified
478,478,Cognizant,cognizant,Cognizant Technology Solutions Corporation,Verified
480,480,Colgate-Palmolive,colgatepalmoliveco,Colgate-Palmolive Company,Verified
482,482,Colruyt,colruyt_be,COLRUYT,Verified
483,483,Xfinity,xfinity,Comcast Corporation,Verified
484,484,Comcast,comcast,Comcast Corporation,Verified
487,487,Commerzbank,commerzbank,Commerzbank AG,Verified
488,488,Commonwealth Bank,commbank_id,Commonwealth Bank of Australia,Verified
489,489,Cartier,cartier,Compagnie Financiere Richemont SA,Verified
493,493,CONAGRA FOODS,conagrafoodservice,"ConAgra Foods, Inc.",Verified
494,494,Conair,conair,Conair,Verified
496,496,ConocoPhillips,conocophillips,ConocoPhillips,Verified
501,501,Continental,continental_tire,CONTINENTAL AG,Verified
503,503,Copart,copart1982,"Copart, Inc.",Verified
506,506,Corona,corona,CORONA CORPORATION,Verified
507,507,Mapfre,mapfre,Corp. Mapfre 'R',Verified
508,508,Corteva,corteva,Corteva Agriscience,Verified
512,512,Costco Wholesale,costco_aus,Costco Wholesale Corporation,Verified
520,520,Credit Agricole,creditagricolepca,Credit Agricole SA,Verified
521,521,Crédit Mutuel,creditmutuel,Credit Mutuel,Verified
524,524,CRH,chrissyteigen,CRH PLC,Verified
525,525,CaixaBank,caixabank,Criteria CaixaCorp S.A.,Verified
530,530,CSL,californiahighwaypatrol,CSL Limited,Verified
533,533,ctrip.com,tripcom.sg,Ctrip.com International Ltd. (ADS),Verified
535,535,Cummins,cummins,"Cummins, Inc.",Verified
536,536,CVS Health,cvshealth,CVS Caremark Corporation,Verified
537,537,D.R. Horton,drhorton,"D.R. Horton, Inc.",Verified
543,543,Mercedes-Benz,mercedesbenz,Daimler AG,Verified
544,544,Daimler,daimler_ag,Daimler AG,Verified
552,552,Danske Bank,danskebankfi,Danske Bank A/S,Verified
555,555,Dassault Aviation,dassaultaviation,DASSAULT AVIATION S.A.,Verified
556,556,Dassault Systemes,dassaultsystemes,Dassault Systemes,Verified
561,561,DCC,dccmakingtheteam,DCC PLC,Verified
566,566,Dell Technologies,delltech,Dell Technologies Inc,Verified
567,567,Deloitte,deloitte,Deloitte,Verified
568,568,Delta Air Lines,delta,"Delta AirLines, Inc.",Verified
571,571,Dentsu,dentsuintl,DENTSU INCORPORATED,Verified
572,572,Deutsche Bank,deutschebank,Deutsche Bank AG,Verified
576,576,DHL,dhl_global,Deutsche Post AG,Verified
577,577,Deutsche Post,deutschepost,Deutsche Post AG,Verified
578,578,Deutsche Telekom,deutschetelekom,Deutsche Telekom AG,Verified
580,580,DexCom,dexcom,"DexCom, Inc.",Verified
581,581,Diageo,diageo,Diageo,Verified
583,583,DICK'S SPORTING GOODS,dickssportinggoods,"Dick's Sporting Goods, Inc.",Verified
585,585,DILLARD'S,dillards,"Dillard's, Inc.",Verified
588,588,DISH Network,dishnetwork,DISH Network Corporation,Verified
591,591,Subway,subway,Doctor's Associates Inc (Subway Restaurants),Verified
592,592,DocuSign,docusign,DocuSign Inc,Verified
593,593,Dole Food,dolesunshine,"Dole Food Co., Inc.",Verified
595,595,Dollar Tree,dollartree,"Dollar Tree Stores, Inc.",Verified
597,597,Dominion Energy,dominionenergy,"Dominion Resources, Inc.",Verified
598,598,Domino's Pizza,dominos,Domino's Pizza LLC,Verified
600,600,Doosan,doosanbears.1982,Doosan Corporation,Verified
601,601,Dover,doverstreetmarketnewyork,Dover Corporation,Verified
603,603,DP World,dpworld,DP World Limited,Verified
604,604,Keurig,keurig,Dr Pepper Snapple Group,Verified
606,606,DTE Energy,dte_energy_official,DTE Energy Company,Verified
608,608,Duke Energy,duke_energy,Duke Energy Corporation,Verified
610,610,Dunkin',dunkin,Dunkin' Brands Group,Verified
613,613,E-Trade Financial,etrade_financial,E*TRADE Financial Corp.,Verified
621,621,eBay,ebay,eBay Inc.,Verified
624,624,EDF,edgarramirez25,EDF,Verified
629,629,Eiffage,eiffagegroupe,Eiffage,Verified
631,631,El Corte Inglés,elcorteingles,"El Corte Ingles, S.A.",Verified
635,635,Electronic Arts,ea,Electronic Arts Inc.,Verified
637,637,Emaar Properties,emaarproperties,EMAAR PROPERTIES PJSC,Verified
638,638,E-mart,_bem20,"E-MART CO.,LTD",Verified
639,639,Emera,emeraldgordonwulf,Emera Inc,Verified
641,641,Emirates,emirates,Emirates National Oil Company,Verified
642,642,Emirates NBD,emiratesnbd_ae,EMIRATES NBD PJSC,Verified
643,643,Etisalat,etisalat,Emirates Telecommunications Corporation,Verified
644,644,Empire,empire,Empire Bancorp Inc,Verified
649,649,ENGIE,engie,ENGIE,Verified
650,650,Eni,eniola_badmus,ENI - ENTE NAZIONALE IDROCARBURI,Verified
654,654,Enterprise,enterprise,Enterprise Rent-A-Car Company,Verified
659,659,Equinor,equinor,EQUINOR ASA,Verified
665,665,ESPN,espn,ESPN,Verified
669,669,ESTEE LAUDER,esteelauder,Estee Lauder Inc.,Verified
670,670,Clinique,clinique,Clinique VI,Verified
673,673,Eversource Energy,eversourceenergy,Eversource Energy,Verified
674,674,Evonik,evonikofficial,Evonik Industries AG,Verified
679,679,Experian,experian,"Experian Group, Ltd",Verified
680,680,Express Scripts,expressscriptspharmacy,"Express Scripts, Inc.",Verified
681,681,Extra Space Storage,extraspace,Extra Space,Verified
682,682,ExxonMobil,exxonmobil,Exxon Mobil Corporation,Verified
683,683,F.N.B.,fnbsa,F.N.B. Corporation,Verified
684,684,Facebook,facebook,Facebook,Verified
690,690,UNIQLO,uniqlo,"Fast Retailing Co, Ltd",Verified
693,693,Fastighets Balder,fastighets_ab_balder,Fastighets AB Balder,Verified
694,694,FedEx,fedex,FedEx Corporation,Verified
695,695,Ferguson,fergusonshowrooms,Ferguson PLC,Verified
696,696,Ferrari,ferrari,Ferrari SpA,Verified
697,697,Ferrovial,ferrovial,Ferrovial S.A.,Verified
700,700,Fidelity Investments,fidelity,Fidelity Investments,Verified
702,702,Fifth Third Bank,fifththirdbank,Fifth Third Bank,Verified
713,713,First Republic Bank,firstrepublic,First Republic Bank,Verified
719,719,Flex,flexaforeal,FLEX FOODS LIMITED,Verified
723,723,Foot Locker,footlocker,"Foot Locker, Inc.",Verified
724,724,Ford Motor,ford,Ford Motor Company,Verified
725,725,Forever 21,forever21,Forever 21 Inc,Verified
733,733,Fortum,fortunefeimster,Fortum OYJ,Verified
741,741,Freddie Mac,freddiemaccorp,Freddie Mac,Verified
753,753,GAMESTOP,gamestop,GameStop Corp.,Verified
754,754,GAP,gap,Gap Inc.,Verified
755,755,Garmin,garmin,Garmin International Inc.,Verified
756,756,Gazprom,gazprom_neft.ru,Gazprom,Verified
758,758,Geberit,geberit_usa,GEBERIT AG,Verified
761,761,GEICO,geico,GEICO,Verified
764,764,General Electric,generalelectric,General Electric Company,Verified
765,765,General Mills,generalmills,"General Mills, Inc.",Verified
766,766,Chevrolet,chevrolet,General Motors Corporation (GM),Verified
767,767,General Motors,generalmotors,General Motors Corporation (GM),Verified
769,769,Genting,resortsworldgenting,Genting Bhd,Verified
779,779,Globe Life,globelifefield,Globe Life Inc,Verified
782,782,Google,google,"Google, Inc.",Verified
787,787,Gree,greeicy,Gree Inc,Verified
792,792,SEB SA,sebsaavedra,Groupe SEB,Verified
794,794,Grupo Bimbo,grupo_bimbo,"Grupo Bimbo, S.A. de C.V.",Verified
797,797,Banorte,banorte_mx,"Grupo Financiero Banorte, S.A. de C.V.",Verified
807,807,GUCCI,gucci,Gucci,Verified
811,811,KRAFT HEINZ,kraftheinzus,H. J. Heinz Company,Verified
812,812,Sabanci Holding,sabanciholding,Haci Omer Sabanci Holding A.S.,Verified
815,815,Hainan Airlines,hainanairlines,"Hainan Airlines Co., Ltd.",Verified
829,829,HARLEY-DAVIDSON,harleydavidson,"Harley-Davidson, Inc.",Verified
830,830,Hasbro,hasbro,"Hasbro, Inc.",Verified
832,832,HCA Healthcare,hcahealthcare,HCA Inc,Verified
835,835,HDFC Bank,hdfcbank,HDFC Bank Ltd.,Verified
839,839,Heineken,heineken,Heineken NV,Verified
843,843,Henkel,henkel,HENKEL KGAA,Verified
844,844,H&M,hm,Hennes & Mauritz,Verified
851,851,Hewlett Packard Enterprise,hpe,Hewlett Packard Enterprise Co,Verified
854,854,Hilton,hiltoncarter,HILTON WORLDWIDE HOLDINGS INC.,Verified
857,857,Hobby Lobby,hobbylobby,Hobby Lobby,Verified
861,861,Hologic,hologic,"Hologic, Inc.",Verified
862,862,Home Depot,homedepot,"Home Depot, Inc.",Verified
864,864,Honda Motor,hondaukmotorcycles,Honda Motor Company Limited,Verified
869,869,Hormel Foods,hormelfoods,Hormel Foods Corporation,Verified
883,883,Huawei,huawei,Huawei Technologies,Verified
885,885,Humana,humana,Humana Inc.,Verified
887,887,Huntington Bank,huntingtonbank,Huntington Bancshares Incorporated,Verified
889,889,Huntsman,huntsmanabby,Huntsman International LLC,Verified
900,900,Hyundai Mobis,hyundaimobisin,Hyundai Mobis,Verified
901,901,Hyundai Motor,hmsgofficial,Hyundai Motor Co.,Verified
903,903,Hikvision,hikvision,"HZ HIK-VISION DIGITAL TECH. CO.,LTD.",Verified
905,905,Iberdrola,iberdrola,Iberdrola Renovables S.A.,Verified
906,906,ICICI Bank,icicibank,ICICI Bank Ltd,Verified
915,915,IKEA,ikeausa,IKEA Group,Verified
922,922,Indian Bank,myindianbank,Indian Bank Ltd.,Verified
924,924,ZARA,zara,Inditex SA,Verified
926,926,IndusInd Bank,indusind_bank,IndusInd Bank Limited,Verified
932,932,Infosys,infosys,Infosys Technologies,Verified
936,936,Yili,yiliangpeng,"INNER MONGOLIA YILI INDUSTRIAL GROUP CO., LTD.",Verified
941,941,Intel,intel,Intel Corporation,Verified
943,943,Holiday Inn,holidayinn,Intercontinental Hotels Group,Verified
945,945,IBM,ibm,International Business Machines Corporation (IBM),Verified
949,949,Interpublic Group,interpublicipg,Interpublic Group of Companies,Verified
950,950,Intesa Sanpaolo,intesasanpaolo,Intesa Sanpaolo,Verified
951,951,Intuit,intuit,Intuit Inc.,Verified
954,954,Invesco,invescous,Invesco Ltd.,Verified
962,962,ITC,itcosmetics,ITC Holdings Corp,Verified
967,967,JM Smucker,jmsmuckerco,J.M. Smucker Co.,Verified
968,968,Jacobs,jacobsartorius,Jacobs Douwe Egberts BV,Verified
970,970,Warby Parker,warbyparker,"JAND, Inc.",Verified
971,971,Japan Airlines,japanairlines_jal,Japan Airlines,Verified
990,990,Johnson & Johnson,jnj,Johnson & Johnson,Verified
996,996,Halyk Bank,halykbank.kz,JSC HALYK BANK,Verified
998,998,JSW Steel,jsw.steel,JSW Steel Limited,Verified
1004,1004,JUUL,juulvapor,JUUL Labs Inc,Verified
1014,1014,KB Financial Group,kb.financialgroup,KB Financial Group Inc.,Verified
1021,1021,Kering,kering_official,Kering Group,Verified
1027,1027,KIA Motors,kiamotorsusa,Kia Motors Corporation,Verified
1028,1028,Huggies,huggies,Kimberly-Clark Corporation,Verified
1037,1037,KLA,klaythompson,KLA Corp,Verified
1041,1041,Koç Holding,kocholding,KOC Holding A.S.,Verified
1042,1042,Koch Industries,kochindustriesinc,"Koch Industries, Inc.",Verified
1043,1043,Kohl's,kohls,Kohl's Corporation,Verified
1047,1047,DSM,dsmoke7,Koninklijke DSM,Verified
1049,1049,Philips,philips,Koninklijke Philips Electronics Na,Verified
1054,1054,Kotak Mahindra Bank,kotakbankltd,Kotak Mahindra Bank Ltd,Verified
1056,1056,Krispy Kreme,krispykreme,"Krispy Kreme Doughnuts, Inc.",Verified
1057,1057,Kroger,krogerco,Kroger Co.,Verified
1059,1059,Kubota,kubotausa,KUBOTA CORPORATION,Verified
1061,1061,Kuwait Finance House,kfhgroup,Kuwait Finance House KSC,Verified
1066,1066,Victoria's Secret,victoriassecret,L Brands,Verified
1068,1068,L.L. Bean,llbean,"L.L. Bean, Inc.",Verified
1074,1074,LAND O'LAKES,landolakesinc,Land O'Lakes,Verified
1082,1082,Lego,lego,LEGO,Verified
1087,1087,Leonardo,leonardodicaprio,Leonardo S.p.A,Verified
1088,1088,Levi's,levis,Levi Strauss & Co.,Verified
1092,1092,LG Electronics,lgelectronicsca,LG Electronics Inc.,Verified
1094,1094,Liberbank,liberbank,"Liberbank, S.A.",Verified
1096,1096,LIBERTY MUTUAL INSURANCE GROUP,libertymutual,Liberty Mutual Group,Verified
1097,1097,LIC,liverpoolfc,"LIC CO.,LTD.",Verified
1098,1098,Lidl,lidlus,Lidl Dienstleistung GmbH & Co KG (Lidl),Verified
1100,1100,Linde,lindseygrahamsc,LINDE PUBLIC LIMITED COMPANY,Verified
1103,1103,LinkedIn,linkedin,LinkedIn Corp.,Verified
1108,1108,Lloyds Banking Group,lloydsbankinggroup,Lloyds TSB Group Plc,Verified
1109,1109,Lockheed Martin,lockheedmartin,Lockheed Martin Corporation,Verified
1116,1116,L'Oréal,lorealparis,L'Oreal,Verified
1118,1118,Lotte Shopping,lotteshopping,"Lotte Shopping Co., Ltd.",Verified
1119,1119,Lowe's,loweshomeimprovement,"Lowe's Companies, Inc.",Verified
1122,1122,LukOil,lukoil,Lukoil Holdings,Verified
1128,1128,Louis Vuitton,louisvuitton,LVMH,Verified
1129,1129,Lyft,lyft,Lyft Inc,Verified
1132,1132,Macquarie Group,macquariegroup,Macquarie Group,Verified
1133,1133,Macy's,macys,"Macy's, Inc.",Verified
1134,1134,Magazine Luiza,magazineluiza,Magazine Luiza S.A.,Verified
1138,1138,Mahindra & Mahindra,mahindrathar,Mahindra & Mahindra Ltd,Verified
1139,1139,Makita,makitatools,MAKITA CORPORATION,Verified
1140,1140,Maybank,maybankid,Malayan Banking Bhd,Verified
1142,1142,Manulife,manulife,Manulife Financial Corporation,Verified
1146,1146,Markel,markellefultz,Markel Corporation,Verified
1148,1148,Marks & Spencer,marksandspencer_id,Marks and Spencer Group p.l.c.,Verified
1149,1149,Marriott International,marriottintl,"Marriott International, Inc.",Verified
1151,1151,Marshalls,marshalls,Marshalls PLC,Verified
1157,1157,Mastercard,mastercard,MasterCard Inc.,Verified
1159,1159,MATTEL,mattel,"Mattel, Inc.",Verified
1161,1161,Mazda Motor,mazdamotorsports,MAZDA MOTOR CORPORATION,Verified
1162,1162,McCain,meghanmccain,McCain Foods Limited,Verified
1163,1163,McCormick,mcandschmicks,"McCormick & Company, Incorporated",Verified
1164,1164,McDonald's,mcdonalds,McDonald's Corporation,Verified
1166,1166,McKinsey,mckinseyco,McKinsey & Company,Verified
1170,1170,Banca Mediolanum,bancamediolanum,Mediolanum,Verified
1177,1177,MercadoLibre,mercadolibre.vzla,Mercadolibre Inc.,Verified
1186,1186,MetLife,mlstadium,"MetLife, Inc.",Verified
1189,1189,MGM Resorts,mgmresortsintl,MGM Resorts International,Verified
1193,1193,Xbox,xbox,Microsoft Corporation,Verified
1194,1194,Microsoft,microsoft,Microsoft Corporation,Verified
1201,1201,Mitsubishi,mitsubishimotors,Mitsubishi Corp.,Verified
1205,1205,Mitsubishi Motors,mitsubishimotors,Mitsubishi Motors Corp.,Verified
1220,1220,Morgan Stanley,morgan.stanley,Morgan Stanley,Verified
1240,1240,nab,nabela,National Australia Bank Limited,Verified
1241,1241,National Bank of Canada,nationalbankofcanada,National Bank of Canada,Verified
1242,1242,National Bank of Kuwait,nbkgroup,National Bank Of Kuwait,Verified
1243,1243,National Grid,nationalgrid,National Grid plc,Verified
1245,1245,NatWest,natwest,National Westminster Bank Plc (NatWest),Verified
1246,1246,NATIONWIDE,nationwide,"Nationwide Financial Services, Inc.",Verified
1249,1249,Naver,naver_webtoon,Naver Corporation,Verified
1251,1251,NBC,nbc,NBC Universal,Verified
1254,1254,NEC,necessaire,NEC Corporation,Verified
1255,1255,Nedbank,nedbank,Nedbank Group Limited,Verified
1256,1256,Neste,nestletollhouse,Neste Oil OYJ,Verified
1257,1257,Nestle,nestle,Nestle,Verified
1258,1258,Purina,purina,Nestle,Verified
1259,1259,t mobile,tmobile,net mobile AG,Verified
1261,1261,NetEase,netease.games,Netease.com Inc. ADS,Verified
1262,1262,Netflix,netflix,"Netflix, Inc.",Verified
1268,1268,Newell Brands,newellbrands,Newell Rubbermaid Inc.,Verified
1270,1270,NEXON,nexonamerica,NEXON Co Ltd,Verified
1275,1275,Nike,nike,"NIKE, Inc.",Verified
1277,1277,Nintendo,nintendo,NINTENDO CO LTD,Verified
1279,1279,Nippon Paint,nipponpaintsg,Nippon Paint,Verified
1282,1282,NTT Group,nttgroup_official,NIPPON TELEGRAPH AND TELEPHONE CORPORATI,Verified
1290,1290,Nokia,nokia,Nokia Corporation,Verified
1294,1294,Nordstrom,nordstrom,"Nordstrom, Inc.",Verified
1300,1300,Northrop Grumman,northropgrumman,Northrop Grumman Corporation,Verified
1301,1301,NORTHWESTERN MUTUAL,northwesternmutual,Northwestern Mutual,Verified
1304,1304,Novartis,novartis,Novartis AG,Verified
1306,1306,Novo Nordisk,novonordisk,Novo Nordisk,Verified
1313,1313,NVIDIA,nvidia,NVIDIA Corporation,Verified
1323,1323,Okta,oktaykaynarca,Okta Inc,Verified
1326,1326,Old Mutual,oldmutualsa,Old Mutual PLC,Verified
1327,1327,Olympus,getolympus,OLYMPUS CORPORATION,Verified
1330,1330,OMV Group,omv,OMV AG,Verified
1332,1332,Oneok,oneokrockofficial,"ONEOK, Inc.",Verified
1335,1335,Oracle,oracle,Oracle Corporation,Verified
1336,1336,Orange,orangetheory,Orange S.A.,Verified
1343,1343,Orkla,orlandobloom,Orkla ASA,Verified
1344,1344,Orsted,orsted,Orsted,Verified
1346,1346,Oshkosh,oshkoshkids,Oshkosh Corporation,Verified
1356,1356,Panasonic,panasonic,Panasonic Corporation,Verified
1360,1360,Paychex,paychex_inc,"Paychex, Inc.",Verified
1361,1361,Paycom,paycomsoftware,Paycom Software Inc,Verified
1362,1362,PayPal,paypal,"PayPal, Inc.",Verified
1365,1365,Penske Automotive,penskecars,"Penske Automotive Group, Inc.",Verified
1366,1366,PEPSICO,pepsico,"PepsiCo, Inc.",Verified
1367,1367,Lay's,lays,"PepsiCo, Inc.",Verified
1368,1368,Gatorade,gatorade,"PepsiCo, Inc.",Verified
1369,1369,PepsiCo,pepsico,"PepsiCo, Inc.",Verified
1370,1370,Pepsi,pepsi,"Pepsi-Cola Products Philippines, Inc",Verified
1371,1371,Pernod Ricard,pernodricard,Pernod Ricard,Verified
1375,1375,Pemex,pemex,Petroleos Mexicanos,Verified
1376,1376,Petronas,petronas,Petroliam Nasional,Verified
1378,1378,PetSmart,petsmart,"PetSmart, Inc.",Verified
1379,1379,Chewy,chewy,"PetSmart, Inc.",Verified
1380,1380,Pfizer,pfizerinc,Pfizer Inc.,Verified
1385,1385,Phillips 66,phillips66co,Phillips 66,Verified
1392,1392,Pirelli,pirelli,Pirelli & Co,Verified
1393,1393,Pizza Hut,pizzahut,Pizza Hut,Verified
1404,1404,China Post,scmpnews,POSTAL SAVINGS BANK of CHINA Co Ltd,Verified
1406,1406,Poste Italiane,posteitaliane,Poste Italiane,Verified
1416,1416,prada,prada,Prada,Verified
1419,1419,Gillette,gillette,Procter & Gamble Company,Verified
1420,1420,Pantene,pantene,Procter & Gamble Company,Verified
1421,1421,Procter & Gamble,proctergamble,Procter & Gamble Company,Verified
1422,1422,Progressive,progressive,Progressive Corporation,Verified
1425,1425,Prudential,prudential,"Prudential Financial, Inc.",Verified
1428,1428,Peugeot,peugeot,PSA Peugeot Citroen,Verified
1430,1430,Telkom Indonesia,telkomindonesia,PT Telekomunikasi Indonesia,Verified
1431,1431,PTT,potterybarn,PTT CHEMICAL PUBLIC COMPANY LIMITED,Verified
1434,1434,Public Storage,publicstorage,"Public Storage, Inc.",Verified
1435,1435,Publicis Groupe,publicisgroupe,Publicis Groupe SA,Verified
1436,1436,Publix,publix,"Publix Super Markets, Inc.",Verified
1444,1444,Qualcomm,qualcomm,QUALCOMM Incorporated,Verified
1450,1450,Rabobank,rabobank,Rabobank Nederland N.V.,Verified
1452,1452,Rakuten,rakuten,Rakuten Inc,Verified
1453,1453,Ralph Lauren,ralphlauren,Ralph Lauren Corporation,Verified
1460,1460,rei,rei,Recreational Equipment Inc.,Verified
1462,1462,Red Bull,redbull,Red Bull,Verified
1473,1473,Renault,renaultf1team,Renault SA,Verified
1474,1474,Repsol,repsol,Repsol YPF,Verified
1479,1479,RHB Bank,rhbgroup,RHB Capital Berhad,Verified
1481,1481,RingCentral,ringcentral,RingCentral Inc,Verified
1484,1484,RITE AID,riteaid,Rite Aid Corporation,Verified
1485,1485,Riyad Bank,riyadbank,Riyad Bank,Verified
1487,1487,Rockwell Automation,rokautomation,"Rockwell Automation, Inc.",Verified
1489,1489,Roku,rokuplayer,"ROKU, INC.",Verified
1490,1490,Rolex,rolex,Rolex,Verified
1495,1495,Rosneft,rosneft_official,Rosneft Oil Ojsc,Verified
1498,1498,RBC,rbc,Royal Bank of Canada,Verified
1499,1499,Royal Bank of Scotland,royalbank,Royal Bank of Scotland Group,Verified
1502,1502,Royal Dutch Shell,shell,Royal Dutch Shell,Verified
1508,1508,Falabella,falabella_co,Saci Falabella,Verified
1511,1511,St. James's Place,sjpwealth,Saint James's Place PLC,Verified
1513,1513,Saipem,saipem_official,Saipem SpA,Verified
1514,1514,Salesforce.com,salesforce,"Salesforce.com, Inc.",Verified
1516,1516,Sampo,sampottorff,Sampo OYJ,Verified
1522,1522,Samsung SDS,samsung.sds,"Samsung SDS Co., Ltd.",Verified
1527,1527,Sanofi,sanofi,Sanofi,Verified
1528,1528,Santos,enriquesantos,Santos Ltd,Verified
1532,1532,Sartorius,jacobsartorius,Sartorius AG,Verified
1540,1540,Sberbank,sberbank,Sberbank Rossia,Verified
1543,1543,Schaeffler,schaefflergroup,Schaeffler Technologies GmbH & Co KG,Verified
1546,1546,Schneider Electric,schneiderelectric,Schneider Electric,Verified
1548,1548,Scor,scottiepippen,Scor SE,Verified
1549,1549,SSE,ssense,Scottish & Southern Energy PLC,Verified
1551,1551,Seagate Technology,seagate,Seagate Technology,Verified
1556,1557,Bombardier,bombardier_jets,Bombardier Inc,Verified
1557,1558,Square,square,Square Inc,Verified
1558,1559,Wayfair,wayfair,Wayfair Inc,Verified
1562,1563,Korean Air,koreanair,"Korean Air Lines Co., Ltd.",Verified
1567,1568,Safaricom,safaricomplc_,Searching…,Verified
1571,1572,Voestalpine,voestalpine,Searching…,Verified
1587,1588,Autodesk,autodesk,Searching…,Verified
1596,1597,RTL Group,rtl_group,Searching…,Verified
1597,1598,Qurate Retail Group,qurateretailgrp,Searching…,Verified
1602,1603,Gap,gap,Searching…,Verified
1625,1626,Latam Airlines,latamairlines,Searching…,Verified
1630,1631,Acciona,acciona,Searching…,Verified
1636,1637,WEG,wegmans,Searching…,Verified
1647,1648,LG Uplus,lguplus_,Searching…,Verified
1648,1649,Royal Mail,royalmailofficial,Searching…,Verified
1653,1654,Invitation Homes,invitationhomes,Searching…,Verified
1665,1668,Rite Aid,riteaid,Searching…,Verified
1668,1671,Bank Muscat,bankmuscat,Searching…,Verified
1669,1672,Accor,accor,Searching…,Verified
1676,1679,Commerce Bank,commercebank,Searching…,Verified
1696,1699,Securitas,securitassverige,Securitas,Verified
1703,1706,Sephora,sephora,Sephora,Verified
1706,1709,Severstal,severstal,Severstal,Verified
1719,1722,Sharp,shannonsharpe84,Sharp Corporation,Verified
1730,1733,Shimizu,shimizuairi,SHIMIZU CORPORATION,Verified
1736,1739,Shiseido,shiseido,Shiseido Company Limited,Verified
1737,1740,Shopify,shopify,Shopify Inc,Verified
1738,1741,Siemens,siemens,Siemens AG,Verified
1740,1743,Sika,officialsikaosei,Sika,Verified
1743,1746,Singapore Airlines,singaporeair,Singapore Airlines,Verified
1744,1747,SingTel,singtel,Singapore Telecommunications Limited,Verified
1748,1751,SiriusXM,siriusxm,SiriusXM Holdings Inc.,Verified
1749,1752,Sistema,sistemaplastics,SISTEMA JSFC,Verified
1754,1757,SK Telecom,sktelecom,"SK Telecom Co., Ltd.",Verified
1765,1768,Snap,snapdogg,Snap Inc,Verified
1766,1769,Snap-on,snapon_official,Snap-on Incorporated,Verified
1767,1770,Société Générale,societegenerale,Societe Generale - Corporate & Invesment Banking,Verified
1770,1773,Softbank,softbank_official,SOFTBANK CORPORATION,Verified
1773,1776,Mosaic,mosaic,Solar Mosaic,Verified
1777,1780,Sony,sony,Sony Corporation,Verified
1778,1781,Southern Company,southerncompany,Southern Company,Verified
1779,1782,Southwest Airlines,southwestair,Southwest Airlines Co.,Verified
1782,1785,Splunk,splunk,Splunk Inc.,Verified
1783,1786,spotify,spotify,Spotify Technology SA,Verified
1785,1788,Sprint,sprint,Sprint Nextel Corporation,Verified
1788,1791,Stanley Black & Decker,stanleyblackdecker,Stanley Black & Decker Inc.,Verified
1789,1792,STAPLES,staples,"Staples, Inc.",Verified
1790,1793,Starbucks,starbucks,Starbucks Corporation,Verified
1792,1795,State Bank of India,theofficialsbi,State Bank of India Group,Verified
1793,1796,State Farm,jakefromstatefarm,State Farm Insurance,Verified
1796,1799,Steel Authority of India,steelauthority,Steel Authority of India Limited,Verified
1807,1810,Sumitomo Chemical,sumitomochemicalargentina,Sumitomo Chemical Company Limited,Verified
1823,1826,SUPERVALU,supervalu_irl,Supervalu Inc.,Verified
1827,1830,Suzuki Motor,suzukiindonesiamotor,Suzuki Motor Corp.,Verified
1831,1834,Swedbank,swedbanklietuvoje,Swedbank AB,Verified
1837,1840,Swisscom,swisscom,Swisscom,Verified
1845,1848,T Rowe Price,t._rowe_price,"T. Rowe Price Group, Inc.",Verified
1846,1849,Taco Bell,tacobell,Taco Bell,Verified
1857,1860,COACH,coach,"Tapestry, Inc",Verified
1859,1862,Target,target,Target Corporation,Verified
1861,1864,TATA Group,tatacompanies,Tata Group,Verified
1862,1865,Tata Motors,tatamotorscars,Tata Motors Limited,Verified
1863,1866,Tata Steel,tskolkata25,Tata Steel Ltd.,Verified
1864,1867,Taylor Wimpey,taylorwimpey,Taylor Wimpey,Verified
1867,1870,TCL,tcl_usa,TCL Corporation,Verified
1881,1884,Telstra,telstra,Telstra,Verified
1882,1885,TELUS,telus,TELUS Corporation,Verified
1884,1887,Tenaga Nasional,tenaga_nasional,Tenaga Nasional Bhd,Verified
1891,1894,Tesco,tescofood,Tesco PLC,Verified
1892,1895,Tesla,teslamotors,"Tesla Motors, Inc.",Verified
1894,1897,Texas Instruments,txinstruments,Texas Instruments Incorporated,Verified
1898,1901,Allstate,allstate,The Allstate Corporation,Verified
1901,1904,Scotiabank,scotiabank,The Bank of Nova Scotia,Verified
1902,1905,Boeing,boeing,The Boeing Company,Verified
1903,1906,Clorox,clorox,The Clorox Company,Verified
1904,1907,Coca-Cola,cocacolasrbija,The Coca-Cola Company,Verified
1905,1908,Fresh Market,thefreshmarket,"The Fresh Market, Inc.",Verified
1907,1910,Goodyear,goodyear,The Goodyear Tire & Rubber Company,Verified
1909,1912,Hershey,hersheys,The Hershey Company,Verified
1911,1914,Kraft Heinz Company,kraftheinzus,The Kraft Heinz Company,Verified
1912,1915,NASDAQ,nasdaq,"The Nasdaq Stock Market, Inc.",Verified
1913,1916,OFFICE DEPOT,officedepot,The ODP Corporation,Verified
1915,1918,Sherwin-Williams,sherwinwilliams,The Sherwin-Williams Company,Verified
1923,1926,Travelers,trvlrsseries,"The Travelers Companies, Inc.",Verified
1924,1927,Walt Disney,waltdisneyworld,The Walt Disney Company,Verified
1925,1928,Western Union,westernunion,The Western Union Company,Verified
1926,1929,Williams,thewilliamsfam,"The Williams Companies, Inc.",Verified
1927,1930,Thermo Fisher Scientific,thermofisherscientific,Thermo Fisher Scientific,Verified
1928,1931,Thomson Reuters,thomsonreuters,Thomson Reuters Corporation,Verified
1932,1935,Tiffany & Co.,tiffanyandco,Tiffany & Co.,Verified
1933,1936,Tim Hortons,timhortons,Tim Hortons,Verified
1943,1946,Tokyu,tokyuhandsinc,"TOKYU CONSTRUCTION CO., LTD.",Verified
1944,1947,Toll Brothers,tollbrothers,"Toll Brothers, Inc.",Verified
1949,1952,Toshiba,toshibausa,TOSHIBA CORPORATION,Verified
1954,1957,Lexus,lexususa,Toyota Motor Corp.,Verified
1957,1960,"TOYS ""R"" US",toysruscanada,Toys R Us,Verified
1958,1961,Tractor Supply,tractorsupply,Tractor Supply Company,Verified
1962,1965,TransUnion,transunion,TRANSUNION,Verified
1968,1971,Turkish Airlines,turkishairlines,Turkish Airlines,Verified
1970,1973,Halkbank,halkbank,Turkiye Halk Bankasi AS,Verified
1972,1975,VakifBank,vakifbanksk,Turkiye Vakiflar Bankasi T.A.O.,Verified
1974,1977,Twitter,twitter,Twitter,Verified
1975,1978,Tyson Foods,tysonfoods,"Tyson Foods, Inc.",Verified
1977,1980,United Airlines,unitedpilotsmec,UAL Corporation,Verified
1978,1981,Uber,uber,Uber,Verified
1979,1982,UBI Banca,ubibanca,UBI Banca,Verified
1980,1983,UBS,ubs,UBS AG,Verified
1983,1986,Ulta Beauty,ultabeauty,Ulta Beauty Inc,Verified
1989,1992,Unilever,unilever,Unilever PLC,Verified
1990,1993,Union Bank of India,unionbankinsta,Union Bank of India,Verified
1998,2001,United Rentals,united.rentals,"United Rentals, Inc.",Verified
1999,2002,USAA,usaa,United Services Automobile Association,Verified
2004,2007,Universal,universalstandard,Universal Corporation,Verified
2008,2011,US Foods,us_foods,"US Foods, Inc.",Verified
2011,2014,Valero Energy,valeroenergy,Valero Energy Corporation,Verified
2012,2015,Vanguard,vanguardgroup,Vanguard,Verified
2017,2020,VEON,veronicabeard,VEON Ltd.,Verified
2022,2025,Vertex Pharmaceuticals,vertexpharmaceuticals,Vertex Pharmaceuticals Incorporated,Verified
2024,2027,CBS,cbssports,CBS Broadcasting Inc,Verified
2025,2028,ViacomCBS,viacomcbs,ViacomCBS Inc.,Verified
2027,2030,Victoria,vlfuller,Victoria,Verified
2032,2035,Visa,visa_us,Visa International,Verified
2035,2038,Vodafone,vodafoneuk,Vodafone Group Inc.,Verified
2036,2039,Volkswagen Group,volkswagengroup_culture,Volkswagen AG,Verified
2047,2050,Walgreens Boots Alliance,wba_global,Walgreen Co.,Verified
2048,2051,Walmart,walmart,"Wal-Mart Stores, Inc.",Verified
2049,2052,Sam's Club,samsclub,"Wal-Mart Stores, Inc.",Verified
2050,2053,Asda,asda,"Wal-Mart Stores, Inc.",Verified
2053,2056,Warner Bros,warnerbrosentertainment,Warner Music Group,Verified
2056,2059,Wawa,wawa,Wawa Inc,Verified
2059,2062,Wells Fargo,wellsfargo,Wells Fargo & Co.,Verified
2064,2067,Western Digital,westerndigital,Western Digital Corp.,Verified
2072,2075,Whirlpool,whirlpoolusa,Whirlpool Corporation,Verified
2073,2076,Whole Foods,wholefoods,"Whole Foods Market, Inc.",Verified
2084,2087,Woolworths,woolworths_au,WOOLWORTHS GROUP PLC,Verified
2088,2091,WPP,wpp,WPP Group,Verified
2095,2098,X5 Retail Group,x5retailgroup,X5 Retail Group NV,Verified
2096,2099,Xcel Energy,xcelenergy,Xcel Energy Inc.,Verified
2097,2100,Xerox,xerox,Xerox Corporation,Verified
2099,2102,Xiaomi,xiaomi.usa,Xiaomi Inc,Verified
2104,2107,Yamaha Motor,yamahamotorarg,Yamaha Motor Company Limited,Verified
2108,2111,Yara International,yarainternational,Yara International ASA,Verified
2109,2112,Yes Bank,yes_bank,Yes Bank Ltd.,Verified
2110,2113,Yeti,yeti,"YETI Holdings, Inc.",Verified
2114,2117,YouTube,youtube,YouTube,Verified
2122,2125,Zalando,zalando,Zalando SE,Verified
2123,2126,Zenith Bank,zenithbankplc,ZENITH INTERNATIONAL BANK PLC,Verified
2130,2133,Zoetis,zoetispetcare,Zoetis Inc.,Verified
2131,2134,zoom,zoom,Zoom Corp,Verified
2132,2135,ZTE,zteusa,ZTE Corporation,Verified
